android.permission.ACCESS_NETWORK_STATE,578
android.permission.INTERNET,578
android.permission.WAKE_LOCK,554
android.permission.FOREGROUND_SERVICE,482
com.google.android.finsky.permission.BIND_GET_INSTALL_REFERRER_SERVICE,473
com.google.android.c2dm.permission.RECEIVE,440
android.permission.RECEIVE_BOOT_COMPLETED,418
android.permission.WRITE_EXTERNAL_STORAGE,410
com.google.android.gms.permission.AD_ID,397
android.permission.ACCESS_WIFI_STATE,396
android.permission.READ_EXTERNAL_STORAGE,369
android.permission.VIBRATE,363
com.android.vending.BILLING,353
android.permission.POST_NOTIFICATIONS,328
android.permission.CAMERA,244
android.permission.ACCESS_COARSE_LOCATION,223
android.permission.ACCESS_FINE_LOCATION,212
android.permission.RECORD_AUDIO,166
android.permission.READ_PHONE_STATE,149
android.permission.BLUETOOTH,138
android.permission.MODIFY_AUDIO_SETTINGS,124
android.permission.GET_ACCOUNTS,121
android.permission.SYSTEM_ALERT_WINDOW,112
android.permission.SCHEDULE_EXACT_ALARM,111
android.permission.READ_CONTACTS,108
android.permission.CHANGE_WIFI_STATE,107
android.permission.READ_MEDIA_IMAGES,101
com.huawei.android.launcher.permission.CHANGE_BADGE,97
com.sec.android.provider.badge.permission.READ,93
android.permission.USE_FINGERPRINT,91
com.htc.launcher.permission.READ_SETTINGS,91
com.sec.android.provider.badge.permission.WRITE,91
com.htc.launcher.permission.UPDATE_SHORTCUT,90
com.sonyericsson.home.permission.BROADCAST_BADGE,90
android.permission.CHANGE_NETWORK_STATE,89
com.sonymobile.home.permission.PROVIDER_INSERT_BADGE,85
android.permission.USE_CREDENTIALS,82
com.anddoes.launcher.permission.UPDATE_COUNT,82
com.huawei.android.launcher.permission.READ_SETTINGS,82
com.huawei.android.launcher.permission.WRITE_SETTINGS,82
com.majeur.launcher.permission.UPDATE_BADGE,81
com.oppo.launcher.permission.WRITE_SETTINGS,79
com.oppo.launcher.permission.READ_SETTINGS,78
android.permission.READ_APP_BADGE,77
android.permission.BLUETOOTH_CONNECT,74
com.google.android.providers.gsf.permission.READ_GSERVICES,73
me.everything.badger.permission.BADGE_COUNT_READ,70
me.everything.badger.permission.BADGE_COUNT_WRITE,70
android.permission.USE_BIOMETRIC,69
android.permission.READ_MEDIA_VIDEO,68
android.permission.MANAGE_ACCOUNTS,67
com.android.vending.CHECK_LICENSE,65
android.permission.BLUETOOTH_ADMIN,64
com.android.launcher.permission.INSTALL_SHORTCUT,63
android.permission.USE_FULL_SCREEN_INTENT,62
android.permission.AUTHENTICATE_ACCOUNTS,58
android.permission.GET_TASKS,57
android.permission.GET_PACKAGE_SIZE,55
android.permission.READ_MEDIA_AUDIO,55
com.applovin.array.apphub.permission.BIND_APPHUB_SERVICE,53
android.permission.FLASHLIGHT,51
android.permission.WRITE_SETTINGS,50
android.permission.REORDER_TASKS,45
android.permission.BLUETOOTH_SCAN,43
android.permission.DOWNLOAD_WITHOUT_NOTIFICATION,43
android.permission.NFC,43
android.permission.READ_CALENDAR,43
android.permission.ACCESS_BACKGROUND_LOCATION,41
android.permission.WRITE_CALENDAR,41
android.permission.READ_SYNC_SETTINGS,39
android.permission.WRITE_SYNC_SETTINGS,39
android.permission.REQUEST_IGNORE_BATTERY_OPTIMIZATIONS,37
android.permission.CALL_PHONE,36
android.permission.CHANGE_WIFI_MULTICAST_STATE,33
android.permission.WRITE_CONTACTS,31
android.permission.QUERY_ALL_PACKAGES,29
com.android.launcher.permission.UNINSTALL_SHORTCUT,28
android.permission.BLUETOOTH_ADVERTISE,26
android.permission.BROADCAST_STICKY,26
android.permission.KILL_BACKGROUND_PROCESSES,26
android.permission.ACCESS_NOTIFICATION_POLICY,23
android.permission.DISABLE_KEYGUARD,23
android.permission.ACCESS_MEDIA_LOCATION,22
android.permission.MOUNT_UNMOUNT_FILESYSTEMS,22
android.permission.MANAGE_EXTERNAL_STORAGE,21
android.permission.PACKAGE_USAGE_STATS,21
com.google.android.gms.permission.ACTIVITY_RECOGNITION,21
android.permission.ACTIVITY_RECOGNITION,20
android.permission.READ_PROFILE,19
android.permission.READ_SYNC_STATS,19
android.permission.REQUEST_DELETE_PACKAGES,19
android.permission.EXPAND_STATUS_BAR,18
android.permission.READ_PRIVILEGED_PHONE_STATE,18
com.android.launcher.permission.READ_SETTINGS,18
android.permission.REQUEST_INSTALL_PACKAGES,17
android.permission.SET_WALLPAPER,16
android.permission.READ_LOGS,14
com.samsung.android.providers.context.permission.WRITE_USE_APP_FEATURE_SURVEY,14
android.permission.ACCESS_LOCATION_EXTRA_COMMANDS,13
android.permission.HIGH_SAMPLING_RATE_SENSORS,13
android.permission.BROADCAST_CLOSE_SYSTEM_DIALOGS,12
android.permission.FOREGROUND_SERVICE_DATA_SYNC,12
android.permission.READ_PHONE_NUMBERS,12
android.permission.SYSTEM_OVERLAY_WINDOW,12
com.amazon.device.messaging.permission.RECEIVE,12
com.vivo.notification.permission.BADGE_ICON,12
amazon.permission.COLLECT_METRICS,11
android.permission.READ_SMS,11
com.amazon.dcp.config.permission.DYN_CONFIG_VALUES_UPDATED,11
com.amazon.dcp.metrics.permission.METRICS_PERMISSION,11
com.amazon.dcp.sso.permission.AmazonAccountPropertyService.property.changed,11
com.amazon.dcp.sso.permission.CUSTOMER_ATTRIBUTE_SERVICE,11
com.amazon.dcp.sso.permission.MANAGE_COR_PFM,11
com.amazon.dcp.sso.permission.USE_DEVICE_CREDENTIALS,11
com.amazon.dcp.sso.permission.account.changed,11
com.amazon.identity.auth.device.perm.AUTH_SDK,11
com.google.android.apps.photos.permission.GOOGLE_PHOTOS,11
android.permission.BATTERY_STATS,10
android.permission.RECEIVE_SMS,10
android.permission.RECEIVE_USER_PRESENT,10
android.permission.SUBSCRIBED_FEEDS_READ,10
android.permission.SUBSCRIBED_FEEDS_WRITE,10
com.amazon.appmanager.preload.permission.READ_PRELOAD_DEVICE_INFO_PROVIDER,10
com.amazon.identity.permission.CALL_AMAZON_DEVICE_INFORMATION_PROVIDER,10
com.android.alarm.permission.SET_ALARM,10
com.android.launcher.permission.WRITE_SETTINGS,10
com.asus.msa.SupplementaryDID.ACCESS,10
com.google.android.googleapps.permission.GOOGLE_AUTH,10
com.singular.preinstall.READ_PERMISSION_SINGULAR,10
android.permission.NEARBY_WIFI_DEVICES,9
android.permission.WRITE_SMS,9
com.amazon.identity.permission.CAN_CALL_MAP_INFORMATION_PROVIDER,9
com.amazon.identity.permission.GENERIC_IPC,9
oppo.permission.OPPO_COMPONENT_SAFE,9
android.permission.CHANGE_CONFIGURATION,8
com.google.android.gm.permission.READ_GMAIL,8
android.permission.ACCESS_DOWNLOAD_MANAGER,7
android.permission.INSTALL_PACKAGES,7
android.permission.BIND_ACCESSIBILITY_SERVICE,6
android.permission.CLEAR_APP_CACHE,6
android.permission.DELETE_PACKAGES,6
android.permission.GET_INTENT_SENDER_INTENT,6
android.permission.READ_SETTINGS,6
android.permission.RESTART_PACKAGES,6
android.permission.SEND_SMS,6
android.permission.WRITE_MEDIA_STORAGE,6
com.google.android.hangouts.START_HANGOUT,6
com.huawei.appmarket.service.commondata.permission.GET_COMMON_DATA,6
com.samsung.android.iap.permission.BILLING,6
android.permission.ANSWER_PHONE_CALLS,5
android.permission.FOREGROUND_SERVICE_MEDIA_PLAYBACK,5
android.permission.INTERACT_ACROSS_USERS_FULL,5
android.permission.READ_CALL_LOG,5
android.permission.RECEIVE_MMS,5
android.permission.RECORD_VIDEO,5
android.permission.USE_EXACT_ALARM,5
android.permission.WRITE_INTERNAL_STORAGE,5
com.apkpure.aegon.permission.PROCESS_PUSH_MSG,5
com.apkpure.aegon.permission.PUSH_PROVIDER,5
com.coloros.mcs.permission.RECIEVE_MCS_MESSAGE,5
com.facebook.katana.provider.ACCESS,5
com.tencent.assistant.permission.A_PERMISSION,5
android.permission.ACCESS_LOCATION,4
android.permission.Ad_ID,4
android.permission.BLUETOOTH_PRIVILEGED,4
android.permission.CAPTURE_VIDEO_OUTPUT,4
android.permission.GET_ACCOUNTS_PRIVILEGED,4
android.permission.INSTALL_SHORTCUT,4
android.permission.INTERACT_ACROSS_USERS,4
android.permission.MANAGE_OWN_CALLS,4
android.permission.READ_INTERNAL_STORAGE,4
android.permission.WRITE_SECURE_SETTINGS,4
android.webkit.PermissionRequest,4
com.android.browser.permission.READ_HISTORY_BOOKMARKS,4
com.android.browser.permission.WRITE_HISTORY_BOOKMARKS,4
com.facebook.permission.prod.FB_APP_COMMUNICATION,4
com.facebook.receiver.permission.ACCESS,4
com.google.android.googleapps.permission.GOOGLE_AUTH.writely,4
com.google.android.voicesearch.AUDIO_FILE_ACCESS,4
com.heytap.mcs.permission.RECIEVE_MCS_MESSAGE,4
com.samsung.accessory.permission.ACCESSORY_FRAMEWORK,4
freemme.permission.msa,4
MediaStore.Images.Media.EXTERNAL_CONTENT_URI,3
MediaStore.Images.Media.INTERNAL_CONTENT_URI,3
amazon.speech.permission.SEND_ALEXA_DIRECTIVE,3
android.permission.ACCESS_COARSE_UPDATES,3
android.permission.ACCESS_GPS,3
android.permission.BIND_APPWIDGET,3
android.permission.FOREGROUND_SERVICE_CAMERA,3
android.permission.FOREGROUND_SERVICE_MEDIA_PROJECTION,3
android.permission.FOREGROUND_SERVICE_MICROPHONE,3
android.permission.FOREGROUND_SERVICE_PHONE_CALL,3
android.permission.READ_MEDIA_VISUAL_USER_SELECTED,3
android.permission.READ_USER_DICTIONARY,3
android.permission.SET_WALLPAPER_HINTS,3
android.permission.STOP_APP_SWITCHES,3
android.permission.WRITE_CALL_LOG,3
com.amazon.CONTENT_PROVIDER_ACCESS,3
com.amazon.dcp.sso.permission.MANAGE_DEVICE_AND_USER_DATA,3
com.amazon.settings.permission.ALEXA_SETTINGS_CONSUMER,3
com.amazon.whisperjoin.deviceprovisioningservice.ArcusUpdate.Permission,3
com.amazon.whisperjoin.deviceprovisioningservice.FFSServiceAction.permission,3
com.android.providers.tv.permission.READ_EPG_DATA,3
com.android.providers.tv.permission.WRITE_EPG_DATA,3
com.avast.android.account.avg.ACCOUNT_PERMISSION,3
com.facebook.mlite.provider.ACCESS,3
com.facebook.orca.provider.ACCESS,3
com.facebook.services.identity.FEO2,3
com.facebook.wakizashi.provider.ACCESS,3
com.google.android.gm.exchange.BIND,3
com.google.android.gm.permission.AUTO_SEND,3
com.google.android.googleapps.permission.GOOGLE_AUTH.ALL_SERVICES,3
com.google.android.googleapps.permission.GOOGLE_AUTH.OTHER_SERVICES,3
com.google.android.googleapps.permission.GOOGLE_AUTH.wise,3
com.huawei.android.launcher.permission.CHANGE_BADGE ,3
com.huawei.permission.external_app_settings.USE_COMPONENT,3
com.samsung.WATCH_APP_TYPE.Companion,3
com.xiaomi.permission.AUTH_SERVICE,3
org.simalliance.openmobileapi.SMARTCARD,3
android.hardware.camera.autofocus,2
android.hardware.usb.host,2
android.permission.ACCESS_ASSISTED_GPS,2
android.permission.ACCESS_MOCK_LOCATION,2
android.permission.AUDIO_CAPTURE,2
android.permission.BODY_SENSORS,2
android.permission.CAPTURE_AUDIO_OUTPUT,2
android.permission.CHANGE_COMPONENT_ENABLED_STATE,2
android.permission.DEVICE_POWER,2
android.permission.FORCE_STOP_PACKAGES,2
android.permission.INJECT_EVENTS,2
android.permission.INTERACT_ACROSS_PROFILES,2
android.permission.LOCAL_MAC_ADDRESS,2
android.permission.MANAGE_USERS,2
android.permission.MICROPHONE,2
android.permission.MODIFY_PHONE_STATE,2
android.permission.OVERRIDE_WIFI_CONFIG,2
android.permission.READ_DEVICE_CONFIG,2
android.permission.READ_NETWORK_USAGE_HISTORY,2
android.permission.REQUEST_PASSWORD_COMPLEXITY,2
android.permission.SEND_DOWNLOAD_COMPLETED_INTENTS,2
android.permission.SET_ORIENTATION,2
android.permission.START_ACTIVITIES_FROM_BACKGROUND,2
android.permission.TRANSMIT_IR,2
android.permission.UNINSTALL_SHORTCUT,2
android.permission.VIDEO_CAPTURE,2
android.permission.WRITE_OWNER_DATA,2
android.permission.WRITE_PROFILE,2
android.provider.Settings.Secure.ANDROID_ID,2
androidx.car.app.ACCESS_SURFACE,2
androidx.car.app.NAVIGATION_TEMPLATES,2
com.amazon.CONTENT_NOTIFICATION_ACCESS,2
com.amazon.STORE_ACCESS,2
com.amazon.alexa.externalmediaplayer.permission.CONNECT,2
com.amazon.alexa.externalmediaplayer.permission.WAKE_UP,2
com.amazon.dcp.settings.permission.READ_SETTINGS,2
com.amazon.kindle.otter.settings.RECEIVE_GOODREADS_UNLINK,2
com.amazon.mp3.permission.C2D_MESSAGE,2
com.amazon.mp3.permission.UA_DATA,2
com.amazon.music.push.CAN_RECEIVE_CUSTOM_PUSH,2
com.amazon.whas.API_COMMUNICATION,2
com.amazon.whisperjoin.deviceprovisioningservice.WhiteListPolicyUpdate.Permission,2
com.android.email.partnerprovider.PARTNER_PROVIDER,2
com.android.launcher2.permission.READ_SETTINGS,2
com.android.launcher2.permission.WRITE_SETTINGS,2
com.android.launcher3.permission.READ_SETTINGS,2
com.android.launcher3.permission.WRITE_SETTINGS,2
com.avast.android.applocker.avg.TEMPORARY_DISABLE,2
com.chartcross.gpstest.DYNAMIC_RECEIVER_NOT_EXPORTED_PERMISSION,2
com.dmm.premium.DYNAMIC_RECEIVER_NOT_EXPORTED_PERMISSION,2
com.facebook.lite.DYNAMIC_RECEIVER_NOT_EXPORTED_PERMISSION,2
com.farsitel.bazaar.permission.PAY_THROUGH_BAZAAR,2
com.google.android.apps.docs.DYNAMIC_RECEIVER_NOT_EXPORTED_PERMISSION,2
com.google.android.apps.docs.permission.C2D_MESSAGE,2
com.google.android.apps.docs.permission.READ_MY_DATA,2
com.google.android.apps.docs.permission.SYNC_STATUS,2
com.google.android.apps.dynamite.permission.C2D_MESSAGE,2
com.google.android.calendar.permission.READ_OOBE,2
com.google.android.email.permission.ACCESS_PROVIDER,2
com.google.android.email.permission.READ_ATTACHMENT,2
com.google.android.gallery3d.permission.GALLERY_PROVIDER,2
com.google.android.gm.email.permission.ACCESS_PROVIDER,2
com.google.android.gm.email.permission.GET_WIDGET_UPDATE,2
com.google.android.gm.email.permission.READ_ATTACHMENT,2
com.google.android.gm.permission.BROADCAST_INTERNAL,2
com.google.android.gm.permission.WRITE_GMAIL,2
com.google.android.gms.permission.REQUEST_SCREEN_LOCK_COMPLEXITY,2
com.google.android.googleapps.permission.GOOGLE_AUTH.mail,2
com.google.android.permission.PROVIDE_BACKGROUND,2
com.google.googlenav.friend.permission.OPT_IN,2
com.hihonor.android.launcher.permission.CHANGE_BADGE,2
com.htc.launcher.permission.WRITE_SETTINGS,2
com.lge.launcher.permission.READ_SETTINGS,2
com.lge.launcher.permission.WRITE_SETTINGS,2
com.nokia.pushnotifications.permission.RECEIVE,2
com.nvsgames.snap.DYNAMIC_RECEIVER_NOT_EXPORTED_PERMISSION,2
com.oplus.ipemanager.permission.receiver.DOUBLE_CLICK,2
com.samsung.android.samsungaccount.permission.ACCOUNT_MANAGER,2
com.samsung.wmanager.ENABLE_NOTIFICATION,2
com.sec.android.iap.permission.BILLING,2
com.truecaller.permission.sdk.internal.read_account_state,2
com.xiaomi.permission.CLOUD_MANAGER,2
com.xiaomi.vip.permission.SERVICE,2
com.zing.zalo.permission.ACCESS_THIRD_PARTY_APP_AUTHORIZATION,2
AdLoader.loadAd: android.permission.INTERNET,1
Manifest.permission.USE_BIOMETRIC,1
['android.permission.INTERNET'],1
ai.generated.art.maker.image.picture.photo.generator.painting.DYNAMIC_RECEIVER_NOT_EXPORTED_PERMISSION,1
air.com.gamegos.mobile.fashcup.permission.C2D_MESSAGE,1
andorid.permission.CHANGE_CONFIGURATION,1
android.Manifest.permission.RECORD_AUDIO,1
android.Manifest.permission.SYSTEM_ALERT_WINDOW,1
android.alarm.permission.SET_ALARM,1
android.gms.permission.ACTIVITY_RECOGNITION,1
android.hardware.sensor.accelerometer,1
android.hardware.usb.accessory,1
android.ikeep.permission.BROADCAST,1
android.intent.action.BADGE_COUNT_UPDATE,1
android.permissAGE,1
android.permission.ACCESS_ACCESS_COARSE_LOCATION,1
android.permission.ACCESS_ADSERVICES_ATTRIBUTION,1
android.permission.ACCESS_BLUETOOTH_SHARE,1
android.permission.ACCESS_FIND_LOCATION,1
android.permission.ACCESS_MESSAGES_ON_ICC,1
android.permission.ACCESS_MTP,1
android.permission.ACCESS_NETWORK_STATE ,1
android.permission.ACCESS_RCS_USER_CAPABILITY_EXCHANGE,1
android.permission.ACCESS_THEME,1
android.permission.ACCESS_VR_STATE,1
android.permission.ACTION_MANAGE_OVERLAY_PERMISSION,1
android.permission.ACTION_MEDIA_SCANNER_SCAN_FILE,1
android.permission.ADD_TRUSTED_DISPLAY,1
android.permission.BACKUP,1
android.permission.BILLING,1
android.permission.BIND_DEVICE_ADMIN,1
android.permission.BIND_NOTIFICATION_LISTENER_SERVICE,1
android.permission.BIND_QUICK_SETTINGS_TILE,1
android.permission.BIND_WALLPAPER,1
android.permission.BROADCAST_WAP_PUSH,1
android.permission.CALL_PRIVILEGED,1
android.permission.CAMERA_EXTENDED,1
android.permission.CAPTURE_AUDIO_HOTWORD,1
android.permission.CLEAR_APP_USER_DATA,1
android.permission.CONNECTIVITY_USE_RESTRICTED_NETWORKS,1
android.permission.CONTROL_INCALL_EXPERIENCE,1
android.permission.DELETE_CACHE_FILES,1
android.permission.ENTER_CAR_MODE_PRIORITIZED,1
android.permission.EXECUTE_APP_ACTION,1
android.permission.FILTER_EVENTS,1
android.permission.FLAG_GRANT_READ_URI_PERMISSION,1
android.permission.FLAG_SHOW_WHEN_LOCKED,1
android.permission.FOREGROUND_SERVICE_CONNECTED_DEVICE,1
android.permission.FOREGROUND_SERVICE_HEALTH,1
android.permission.FOREGROUND_SERVICE_LOCATION,1
android.permission.FOREGROUND_SERVICE_REMOTE_MESSAGING,1
android.permission.GET_PERMISSIONS,1
android.permission.GLOBAL_SEARCH,1
android.permission.HIDE_OVERLAY_WINDOWS,1
android.permission.INTERNET ,1
android.permission.MANAGE_ACTIVITY_STACKS,1
android.permission.MANAGE_DEVICE_ADMINS,1
android.permission.MANAGE_DOCUMENTS,1
android.permission.MANAGE_FINGERPRINT,1
android.permission.MANAGE_HOTWORD_DETECTION,1
android.permission.MANAGE_MEDIA,1
android.permission.MANAGE_MEDIA_PROJECTION,1
android.permission.MANAGE_SOUND_TRIGGER,1
android.permission.MANAGE_VOICE_KEYPHRASES,1
android.permission.MASTER_CLEAR,1
android.permission.MEDIA_CONTENT_CONTROL,1
android.permission.MODIFY_AUDIO_ROUTING,1
android.permission.MOUNT_UNMOUNT_FILESYSTEM,1
android.permission.NETWORK_PROVIDER,1
android.permission.NETWORK_SETTINGS,1
android.permission.PEERS_MAC_ADDRESS,1
android.permission.PERFORM_IMS_SINGLE_REGISTRATION,1
android.permission.POST_NOTIFICATION,1
android.permission.PROCESS_OUTGOING_CALLS,1
android.permission.RAISED_THREAD_PRIORITY,1
android.permission.READ_BASIC_PHONE_STATE,1
android.permission.READ_CLIPBOARD_IN_BACKGROUND,1
android.permission.READ_LOG,1
android.permission.READ_MEDIA_IMAGE,1
android.permission.READ_MEDIA_IMAGES`,1
android.permission.READ_MMS,1
android.permission.READ_OWER_DATA,1
android.permission.READ_OWNER_DATA,1
android.permission.READ_PRECISE_PHONE_STATE,1
android.permission.READ_SECURE_SETTINGS,1
android.permission.READ_SOCIAL_STREAM,1
android.permission.READ_WIFI_CREDENTIAL,1
android.permission.REAL_GET_TASK,1
android.permission.REAL_GET_TASKS,1
android.permission.RECEIVE_WAP_PUSH,1
android.permission.REQUEST_COMPANION_RUN_IN_BACKGROUND,1
android.permission.RESTRICTED_VR_ACCESS,1
android.permission.RUN_INSTRUMENTATION,1
android.permission.RUN_USER_INITIATED_JOBS,1
android.permission.SENSOR,1
android.permission.SET_ACTIVITY_WATCHER,1
android.permission.SET_PROCESS_LIMIT,1
android.permission.SMARTCARD,1
android.permission.SOUND_TRIGGER_RUN_IN_BATTERY_SAVER,1
android.permission.START_FOREGROUND_SERVICES_FROM_BACKGROUND,1
android.permission.STATUS_BAR,1
android.permission.STATUS_BAR_SERVICE,1
android.permission.STORAGE,1
android.permission.SUBSCRIBE_TO_KEYGUARD_LOCKED_STATE,1
android.permission.SUBSTITUTE_SHARE_TARGET_APP_NAME_AND_ICON,1
android.permission.UPDATE_APP_BADGE,1
android.permission.UPDATE_DEVICE_STATS,1
android.permission.USER_ACTIVITY,1
android.permission.WHITELIST_AUTO_REVOKE_PERMISSIONS,1
android.permission.WRITE_EMBEDDED_SUBSCRIPTIONS,1
android.permission.WRITE_MMS,1
android.permission.WRITE_OWER_DATA,1
android.permission.WRITE_SOCIAL_STREAM,1
android.permission.WRITE_USER_DICTIONARY,1
android.permission.health.READ_BASAL_METABOLIC_RATE,1
android.permission.health.READ_BLOOD_GLUCOSE,1
android.permission.health.READ_BLOOD_PRESSURE,1
android.permission.health.READ_BODY_FAT,1
android.permission.health.READ_BODY_TEMPERATURE,1
android.permission.health.READ_DISTANCE,1
android.permission.health.READ_EXERCISE,1
android.permission.health.READ_HEART_RATE,1
android.permission.health.READ_HEIGHT,1
android.permission.health.READ_HYDRATION,1
android.permission.health.READ_NUTRITION,1
android.permission.health.READ_OXYGEN_SATURATION,1
android.permission.health.READ_POWER,1
android.permission.health.READ_RESPIRATORY_RATE,1
android.permission.health.READ_SLEEP,1
android.permission.health.READ_SPEED,1
android.permission.health.READ_STEPS,1
android.permission.health.READ_TOTAL_CALORIES_BURNED,1
android.permission.health.READ_WEIGHT,1
android.permission.health.WRITE_BASAL_METABOLIC_RATE,1
android.permission.health.WRITE_BLOOD_GLUCOSE,1
android.permission.health.WRITE_BLOOD_PRESSURE,1
android.permission.health.WRITE_BODY_FAT,1
android.permission.health.WRITE_BODY_TEMPERATURE,1
android.permission.health.WRITE_DISTANCE,1
android.permission.health.WRITE_EXERCISE,1
android.permission.health.WRITE_HEART_RATE,1
android.permission.health.WRITE_HEIGHT,1
android.permission.health.WRITE_HYDRATION,1
android.permission.health.WRITE_NUTRITION,1
android.permission.health.WRITE_OXYGEN_SATURATION,1
android.permission.health.WRITE_POWER,1
android.permission.health.WRITE_RESPIRATORY_RATE,1
android.permission.health.WRITE_SLEEP,1
android.permission.health.WRITE_SPEED,1
android.permission.health.WRITE_STEPS,1
android.permission.health.WRITE_TOTAL_CALORIES_BURNED,1
android.permission.health.WRITE_WEIGHT,1
android.permission.music.ACCESS_DOWNLOAD_MANAGER,1
android.permission.sec.MDM_EMAIL,1
android.permission.sec.MDM_EXCHANGE,1
android.permission.sec.MDM_LDAP,1
android.permission.sec.MDM_REMOTE_CONTROL,1
android.permission.sec.MDM_SECURITY,1
android.permission.sec.SMIME_CERTIFICATE,1
android.permission.smartmultiwindow.SMARTMULTIWINDOW_OP,1
android.vending.BILLING,1
androidd.permission.BLUETOOTH_SCAN,1
androidx.car.app.MAP_TEMPLATES,1
app.awarefy.awarefyapp.DYNAMIC_RECEIVER_NOT_EXPORTED_PERMISSION,1
app.awarefy.awarefyapp.permission.C2D_MESSAGE,1
app.aworld.DYNAMIC_RECEIVER_NOT_EXPORTED_PERMISSION,1
app.aworld.permission.C2D_MESSAGE,1
app.meditasyon.DYNAMIC_RECEIVER_NOT_EXPORTED_PERMISSION,1
app.meditasyon.permission.C2D_MESSAGE,1
backlog.android.DYNAMIC_RECEIVER_NOT_EXPORTED_PERMISSION,1
baidu.push.permission.WRITE_PUSHINFOPROVIDER.com.microsoft.teams,1
bef.ayp.idea.permission.C2D_MESSAGE,1
br.com.lojong.BIND_GET_INSTALL_REFERRER_SERVICE,1
br.com.lojong.DYNAMIC_RECEIVER_NOT_EXPORTED_PERMISSION,1
br.com.tapps.myboo.BIND_GET_INSTALL_REFERRER_SERVICE,1
br.com.tapps.myboo.permission.C2D_MESSAGE,1
bz.grail.DYNAMIC_RECEIVER_NOT_EXPORTED_PERMISSION,1
ch.publisheria.bring.DYNAMIC_RECEIVER_NOT_EXPORTED_PERMISSION,1
cloud.blynk.DYNAMIC_RECEIVER_NOT_EXPORTED_PERMISSION,1
cn.org.ifaa.permission.USE_IFAA_MANAGER,1
codes.hulu_young_tubi.Android.permission.C2D_MESSAGE,1
com.AirCanadaApp.permission.C2D_MESSAGE,1
com.BuilderTREND.btMobileApp.DYNAMIC_RECEIVER_NOT_EXPORTED_PERMISSION,1
com.COMICSMART.GANMA.DYNAMIC_RECEIVER_NOT_EXPORTED_PERMISSION,1
com.CarXTech.highWay.permission.C2D_MESSAGE,1
com.KindGame.DungeonAndEvil.permission.C2D_MESSAGE,1
com.RightAppsLtd.ExpressVpnPlus.permission.C2D_MESSAGE,1
com.accuweather.android.DYNAMIC_RECEIVER_NOT_EXPORTED_PERMISSION,1
com.activision.callofduty.shooter.permission.C2D_MESSAGE,1
com.addenergie.reseauver.DYNAMIC_RECEIVER_NOT_EXPORTED_PERMISSION,1
com.addenergie.reseauver.permission.MAPS_RECEIVE,1
com.adjust.preinstall.READ_PERMISSION,1
com.adobe.premiererush.videoeditor.permission.C2D_MESSAGE,1
com.agaplab.library.permission.C2D_MESSAGE,1
com.aige.hipaint.DYNAMIC_RECEIVER_NOT_EXPORTED_PERMISSION,1
com.aige.hipaint.permission.PROCESS_PUSH_MSG,1
com.aige.hipaint.permission.PUSH_PROVIDER,1
com.ajaxsystems.DYNAMIC_RECEIVER_NOT_EXPORTED_PERMISSION,1
com.ajaxsystems.permission.MAPS_RECEIVE,1
com.alibaba.aliexpresshd.permission.MIPUSH_RECEIVE,1
com.alibaba.aliexpresshd.permission.PROCESS_PUSH_MSG,1
com.alibaba.aliexpresshd.permission.PUSH_PROVIDER,1
com.aloha.browser.DYNAMIC_RECEIVER_NOT_EXPORTED_PERMISSION,1
com.amazon.SHOW_CONTENT_LIBRARY,1
com.amazon.alexa.handsfree.protocols.permission.DATA_SYNC,1
com.amazon.avod.SDK_ACCESS,1
com.amazon.dcp.messaging.permission.HANDLE_DEVICE_MESSAGE,1
com.amazon.dcp.sso.permission.AMAZON_ACCOUNT_PROPERTY,1
com.amazon.device.environment.permission.SWITCH_STAGE,1
com.amazon.device.permission.COMRADE_CAPABILITIES,1
com.amazon.kindle.cms.CMS_ACCESS,1
com.amazon.kindle.permission.LIBRARY_ACCESS,1
com.amazon.kindle.permission.RECEIVE_ADM_MESSAGE,1
com.amazon.kindle.socialsharing.PERMISSION_SHARE,1
com.amazon.kindle.tablet.permission.ftue,1
com.amazon.kor.demo.provider.permission.READ_PROVIDER,1
com.amazon.whisperjoin.deviceprovisioningservice.AllowListPolicyUpdate.Permission,1
com.amego.mailchimp.permission.C2D_MESSAGE,1
com.anddoes.launcher.permission.READ_SETTINGS,1
com.anddoes.launcher.permission.WRITE_SETTINGS,1
com.android.BBKClock.permission.READ_ALARM_PROVIDER,1
com.android.BBKClock.permission.WRITE_ALARM_PROVIDER,1
com.android.browser.permission.PRELOAD,1
com.android.chrome.PRERENDER_URL,1
com.android.chrome.permission.TRANSLATE,1
com.android.gallery3d.filtershow.permission.READ,1
com.android.gallery3d.filtershow.permission.WRITE,1
com.android.launcher.permission.READ_SETTING,1
com.android.launcher.permission.WRITE_SETTING,1
com.android.launcher2.permission.INSTALL_SHORTCUT,1
com.android.launcher2.permission.UNINSTALL_SHORTCUT,1
com.android.launcher3.permission.INSTALL_SHORTCUT,1
com.android.launcher3.permission.UNINSTALL_SHORTCUT,1
com.android.mylauncher.permission.READ_SETTINGS,1
com.android.mylauncher.permission.WRITE_SETTINGS,1
com.android.permission.GET_INSTALLED_APPS,1
com.android.providers.media.MediaProvider,1
com.android.settings.permission.CLOUD_SETTINGS_PROVIDER,1
com.android.vending.p2p.APP_INSTALL_API,1
com.aniplex.fategrandorder.permission.RECEIVE,1
com.antivirus.DYNAMIC_RECEIVER_NOT_EXPORTED_PERMISSION,1
com.anydo.DYNAMIC_RECEIVER_NOT_EXPORTED_PERMISSION,1
com.app.dansktechchain.permission.C2D_MESSAGE,1
com.applepie4.mylittlepet.en.DYNAMIC_RECEIVER_NOT_EXPORTED_PERMISSION,1
com.appointfix.DYNAMIC_RECEIVER_NOT_EXPORTED_PERMISSION,1
com.appxy.famcal.permission.C2D_MESSAGE,1
com.artifexmundi.balefire.permission.C2D_MESSAGE,1
com.atistudios.mondly.languages.BIND_GET_INSTALL_REFERRER_SERVICE,1
com.atistudios.mondly.languages.DYNAMIC_RECEIVER_NOT_EXPORTED_PERMISSION,1
com.atistudios.mondly.languages.permission.C2D_MESSAGE,1
com.atlassian.android.confluence.core.DYNAMIC_RECEIVER_NOT_EXPORTED_PERMISSION,1
com.atlassian.android.jira.core.DYNAMIC_RECEIVER_NOT_EXPORTED_PERMISSION,1
com.atlasvpn.free.android.proxy.secure.DYNAMIC_RECEIVER_NOT_EXPORTED_PERMISSION,1
com.atlasvpn.free.android.proxy.secure.permission.RECEIVE_ADM_MESSAGE,1
com.audible.application.externalmediaplayer.permission.WAKE_UP,1
com.audible.application.permission.C2D_MESSAGE,1
com.audible.hushpuppy.tablet.permission.COMPANION_MAPPING,1
com.audioteka.DYNAMIC_RECEIVER_NOT_EXPORTED_PERMISSION,1
com.avast.android.account.avg.ACCOUNT_PERMISSION_V2,1
com.avast.android.feed.avg.CACHE_PERMISSION,1
com.avast.android.vpn.avg.STATE_INFORMER_SERVICE,1
com.avira.android.permission.C2D_MESSAGE,1
com.avira.android.permission.INVOKE_INTERNAL_HANDLER,1
com.avira.android.permission.INVOKE_WIPE_FEATURES,1
com.avira.android.permission.REMOTE_LOCK_SERVICE,1
com.avira.optimizer.aviradata.READ,1
com.babbel.mobile.android.en.DYNAMIC_RECEIVER_NOT_EXPORTED_PERMISSION,1
com.badoo.mobile.DYNAMIC_RECEIVER_NOT_EXPORTED_PERMISSION,1
com.badoo.permission.SignaturePrivileged,1
com.baitu.qingshu.permission.RECEIVE_MSG,1
com.baitu.qingshu.permission.RONG_ACCESS_RECEIVER,1
com.basecamp.bc3.DYNAMIC_RECEIVER_NOT_EXPORTED_PERMISSION,1
com.bbc.sounds.DYNAMIC_RECEIVER_NOT_EXPORTED_PERMISSION,1
com.bbc.sounds.permission.RECEIVE_ADM_MESSAGE,1
com.bbk.account.permission.READ_ACCOUNTINFO,1
com.bbk.account.permission.receivebroadcast,1
com.bbk.account.permission.receivebroadcast.removeaccount,1
com.bbk.iqoo.logsystem.permission.READ_DATA,1
com.bbk.iqoo.logsystem.permission.SIGN_OR_SYSTEM,1
com.bbk.iqoo.logsystem.permission.WRITE_DATA,1
com.bbk.launcher2.permission.ENTER_VIRTUAL_SYSTEM,1
com.bbk.launcher2.permission.JUMP_ORIGIN,1
com.bbk.launcher2.permission.READ_SETTINGS,1
com.bbk.launcher2.permission.WRITE_SETTINGS,1
com.bereal.ft.DYNAMIC_RECEIVER_NOT_EXPORTED_PERMISSION,1
com.binance.dev.DYNAMIC_RECEIVER_NOT_EXPORTED_PERMISSION,1
com.binance.dev.permission.C2D_MESSAGE,1
com.binance.dev.permission.JPUSH_MESSAGE,1
com.binance.dev.permission.MIPUSH_RECEIVE,1
com.binance.dev.permission.PROCESS_PUSH_MSG,1
com.binance.dev.permission.PUSH_PROVIDER,1
com.binance.dev.push.permission.MESSAGE,1
com.bingo.livetalk.PERMISSION,1
com.blinkslabs.blinkist.android.DYNAMIC_RECEIVER_NOT_EXPORTED_PERMISSION,1
com.bodunov.galileo.DYNAMIC_RECEIVER_NOT_EXPORTED_PERMISSION,1
com.bolt.deliveryclient.DYNAMIC_RECEIVER_NOT_EXPORTED_PERMISSION,1
com.bookbites.library.DYNAMIC_RECEIVER_NOT_EXPORTED_PERMISSION,1
com.brakefield.painter.DYNAMIC_RECEIVER_NOT_EXPORTED_PERMISSION,1
com.browsec.vpn.DYNAMIC_RECEIVER_NOT_EXPORTED_PERMISSION,1
com.bubadu.mybabycare.DYNAMIC_RECEIVER_NOT_EXPORTED_PERMISSION,1
com.bubadu.mybabycare2.DYNAMIC_RECEIVER_NOT_EXPORTED_PERMISSION,1
com.bumble.user.permission.MAPS_RECEIVE,1
com.busuu.android.PAYMENT_BROADCAST_PERMISSION,1
com.bybit.app.DYNAMIC_RECEIVER_NOT_EXPORTED_PERMISSION,1
com.callingme.chat.permission.CALL_BROADCAST,1
com.calm.android.DYNAMIC_RECEIVER_NOT_EXPORTED_PERMISSION,1
com.centr.app.DYNAMIC_RECEIVER_NOT_EXPORTED_PERMISSION,1
com.cequint.ecid.CALLER_ID_EXTERNAL_LOOKUP_SMS,1
com.circuitjam.permission.C2D_MESSAGE,1
com.cloudedge.smarteye.permission.JPUSH_MESSAGE,1
com.cloudedge.smarteye.permission.MIPUSH_RECEIVE,1
com.cloudedge.smarteye.permission.PROCESS_PUSH_MSG,1
com.cloudedge.smarteye.permission.PUSH_PROVIDER,1
com.codemasters.F1Mobile.permission.C2D_MESSAGE,1
com.commsource.beautyplus.backtrace.warmed_up,1
com.commsource.beautyplus.permission.C2D_MESSAGE,1
com.dashlane.DYNAMIC_RECEIVER_NOT_EXPORTED_PERMISSION,1
com.dashlane.notification.autofill.NOT_NOW,1
com.dashlane.notification.autofillapi.TOTP_NOTIFICATION,1
com.dashlane.notification.followupnotification.FOLLOW_UP_NOTIFICATION,1
com.dazn.permission.RECEIVE_ADM_MESSAGE,1
com.dd.doordash.DYNAMIC_RECEIVER_NOT_EXPORTED_PERMISSION,1
com.delgeo.desygner.DYNAMIC_RECEIVER_NOT_EXPORTED_PERMISSION,1
com.delgeo.desygner.permission.C2D_MESSAGE,1
com.deliveroo.orderapp.DYNAMIC_RECEIVER_NOT_EXPORTED_PERMISSION,1
com.dena.mirrativ.DYNAMIC_RECEIVER_NOT_EXPORTED_PERMISSION,1
com.digcy.pilot.DYNAMIC_RECEIVER_NOT_EXPORTED_PERMISSION,1
com.digcy.pilot.permission.RECEIVE_BROADCASTS,1
com.disney.disneyplus.DYNAMIC_RECEIVER_NOT_EXPORTED_PERMISSION,1
com.diy.prod.permission.MIPUSH_RECEIVE,1
com.dmm.app.dmmbooks_google_play.permission.PRIVATE,1
com.dooray.all.toast.push.permission.RECEIVE,1
com.dooray.all.toast.push.permission.SEND,1
com.downdogapp.hiit.DYNAMIC_RECEIVER_NOT_EXPORTED_PERMISSION,1
com.dsi.ant.permission.ANT,1
com.dsi.ant.permission.ANT_ADMIN,1
com.dts.freefireth.permission.C2D_MESSAGE,1
com.duolingo.DYNAMIC_RECEIVER_NOT_EXPORTED_PERMISSION,1
com.easybrain.art.puzzle.DYNAMIC_RECEIVER_NOT_EXPORTED_PERMISSION,1
com.ebproductions.android.launcher.permission.READ_SETTINGS,1
com.ebproductions.android.launcher.permission.WRITE_SETTINGS,1
com.eco.global.app.permission.JPUSH_MESSAGE,1
com.eco.global.app.permission.MIPUSH_RECEIVE,1
com.ed.universe.DYNAMIC_RECEIVER_NOT_EXPORTED_PERMISSION,1
com.elevatelabs.geonosis.BIND_GET_INSTALL_REFERRER_SERVICE,1
com.english.listeningandspeaking.DYNAMIC_RECEIVER_NOT_EXPORTED_PERMISSION,1
com.english.listeningandspeaking.permission.C2D_MESSAGE,1
com.enpal.DYNAMIC_RECEIVER_NOT_EXPORTED_PERMISSION,1
com.eset.ems2.gp.DYNAMIC_RECEIVER_NOT_EXPORTED_PERMISSION,1
com.eset.etvs.gp.DYNAMIC_RECEIVER_NOT_EXPORTED_PERMISSION,1
com.eset.myeset.permission.REMOTE_SERVICE,1
com.espn.score_center.DYNAMIC_RECEIVER_NOT_EXPORTED_PERMISSION,1
com.eventbrite.attendee.DYNAMIC_RECEIVER_NOT_EXPORTED_PERMISSION,1
com.eventbrite.attendee.permission.C2D_MESSAGE,1
com.everimaging.photoeffectstudio.permission.MODULE_CHANGED_RECIVER,1
com.everimaging.photoeffectstudio.permission.POLLMSG,1
com.evernote.android.permission.APP_EVENT,1
com.ewa.ewaapp.DYNAMIC_RECEIVER_NOT_EXPORTED_PERMISSION,1
com.facebook.orca.DYNAMIC_RECEIVER_NOT_EXPORTED_PERMISSION,1
com.facebook.orca.permission.CREATE_SHORTCUT,1
com.facebook.orca.permission.CROSS_PROCESS_BROADCAST_MANAGER,1
com.facebook.orca.permission.RECEIVE_ADM_MESSAGE,1
com.facebook.pages.app.DYNAMIC_RECEIVER_NOT_EXPORTED_PERMISSION,1
com.facebook.pages.app.permission.CREATE_SHORTCUT,1
com.facebook.pages.app.permission.CROSS_PROCESS_BROADCAST_MANAGER,1
com.facebook.pages.app.permission.RECEIVE_ADM_MESSAGE,1
com.fede.launcher.permission.READ_SETTINGS,1
com.fede.launcher.permission.WRITE_SETTINGS,1
com.felicanetworks.mfc.permission.MFC_ACCESS,1
com.figma.mirror.DYNAMIC_RECEIVER_NOT_EXPORTED_PERMISSION,1
com.finalcad.one.DYNAMIC_RECEIVER_NOT_EXPORTED_PERMISSION,1
com.fingerprints.service.ACCESS_FINGERPRINT_MANAGER,1
com.fishbowlmedia.fishbowl.DYNAMIC_RECEIVER_NOT_EXPORTED_PERMISSION,1
com.fishbowlmedia.fishbowl.permission.C2D_MESSAGE,1
com.fitifyworkouts.bodyweight.workoutapp.DYNAMIC_RECEIVER_NOT_EXPORTED_PERMISSION,1
com.fitifyworkouts.bodyweight.workoutapp.permission.PROCESS_PUSH_MSG,1
com.fitifyworkouts.bodyweight.workoutapp.permission.PUSH_PROVIDER,1
com.fitifyworkouts.yoga.DYNAMIC_RECEIVER_NOT_EXPORTED_PERMISSION,1
com.fiton.android.DYNAMIC_RECEIVER_NOT_EXPORTED_PERMISSION,1
com.flightradar24free.DYNAMIC_RECEIVER_NOT_EXPORTED_PERMISSION,1
com.freeletics.lite.DYNAMIC_RECEIVER_NOT_EXPORTED_PERMISSION,1
com.freeletics.permission.LOGIN_PROVIDER,1
com.friedeggames.cafe.DYNAMIC_RECEIVER_NOT_EXPORTED_PERMISSION,1
com.fsck.k9.DYNAMIC_RECEIVER_NOT_EXPORTED_PERMISSION,1
com.fujitsu.mobile_phone.home.permission.READ_SETTINGS,1
com.fujitsu.mobile_phone.home.permission.WRITE_SETTINGS,1
com.futureappdevelopment.noteskeeper.DYNAMIC_RECEIVER_NOT_EXPORTED_PERMISSION,1
com.futureappdevelopment.noteskeeper.permission.C2D_MESSAGE,1
com.garanti.cepsubesi.permission.PROCESS_PUSH_MSG,1
com.garanti.cepsubesi.permission.PUSH_PROVIDER,1
com.garanti.maps.permission.MAPS_RECEIVE,1
com.garanti.provider.cepsifrematik.MODIFY,1
com.gc.teammanager.DYNAMIC_RECEIVER_NOT_EXPORTED_PERMISSION,1
com.gc.teammanager.permission.C2D_MESSAGE,1
com.gen.workoutme.DYNAMIC_RECEIVER_NOT_EXPORTED_PERMISSION,1
com.gen.workoutme.permission.C2D_MESSAGE,1
com.geonaute.geonaute.DYNAMIC_RECEIVER_NOT_EXPORTED_PERMISSION,1
com.geonaute.geonaute.batch.permission.INTERNAL_BROADCAST,1
com.geonaute.geonaute.permission.PROCESS_PUSH_MSG,1
com.geonaute.geonaute.permission.PUSH_PROVIDER,1
com.getmimo.DYNAMIC_RECEIVER_NOT_EXPORTED_PERMISSION,1
com.getmimo.permission.C2D_MESSAGE,1
com.getsomeheadspace.android.DYNAMIC_RECEIVER_NOT_EXPORTED_PERMISSION,1
com.glovo.DYNAMIC_RECEIVER_NOT_EXPORTED_PERMISSION,1
com.glympse.android.glympse.permission.RECEIVE_ADM_MESSAGE,1
com.goodreads.DYNAMIC_RECEIVER_NOT_EXPORTED_PERMISSION,1
com.google.android.apps.books.DYNAMIC_RECEIVER_NOT_EXPORTED_PERMISSION,1
com.google.android.apps.books.permission.C2D_MESSAGE,1
com.google.android.apps.classroom.permission.C2D_MESSAGE,1
com.google.android.apps.docs.editors.docs.DYNAMIC_RECEIVER_NOT_EXPORTED_PERMISSION,1
com.google.android.apps.docs.editors.kix.permission.READ_MY_DATA,1
com.google.android.apps.docs.editors.kix.permission.SYNC_STATUS,1
com.google.android.apps.docs.editors.kix.permission.WRITE_IMAGES,1
com.google.android.apps.gmm.dev.permission.ASSISTANT_GRPC_SYNC,1
com.google.android.apps.gmm.dogfood.permission.ASSISTANT_GRPC_SYNC,1
com.google.android.apps.gmm.fishfood.permission.ASSISTANT_GRPC_SYNC,1
com.google.android.apps.gmm.permission.ASSISTANT_GRPC_SYNC,1
com.google.android.apps.gmm.qp.permission.ASSISTANT_GRPC_SYNC,1
com.google.android.apps.googlevoice.permission.AUTO_SEND,1
com.google.android.apps.gsa.nga.permissions.EDIT_PREFERENCES,1
com.google.android.apps.kids.familylink.DYNAMIC_RECEIVER_NOT_EXPORTED_PERMISSION,1
com.google.android.apps.kids.familylink.permission.C2D_MESSAGE,1
com.google.android.apps.magazines.DYNAMIC_RECEIVER_NOT_EXPORTED_PERMISSION,1
com.google.android.apps.maps.DYNAMIC_RECEIVER_NOT_EXPORTED_PERMISSION,1
com.google.android.apps.maps.permission.ASSISTANT_GRPC_SYNC,1
com.google.android.apps.maps.permission.PREFETCH,1
com.google.android.apps.maps.permission.TIMELINE_POST_VISIT_BADGE,1
com.google.android.apps.nbu.files.DYNAMIC_RECEIVER_NOT_EXPORTED_PERMISSION,1
com.google.android.apps.nbu.files.permission.C2D_MESSAGE,1
com.google.android.apps.nest.CAST_AUTH_SERVICE,1
com.google.android.apps.nest.DOCK_MANAGER_SERVICE,1
com.google.android.apps.now.CURRENT_ACCOUNT_ACCESS,1
com.google.android.apps.photos.DYNAMIC_RECEIVER_NOT_EXPORTED_PERMISSION,1
com.google.android.apps.plus.DYNAMIC_RECEIVER_NOT_EXPORTED_PERMISSION,1
com.google.android.apps.plus.permission.C2D_MESSAGE,1
com.google.android.apps.plus.permission.MAPS_RECEIVE,1
com.google.android.apps.stargate.endpointservice.ACCESS_ENDPOINT_SERVICE,1
com.google.android.apps.tasks.DYNAMIC_RECEIVER_NOT_EXPORTED_PERMISSION,1
com.google.android.apps.walletnfcrel.permission.C2D_MESSAGE,1
com.google.android.c2dm.permission.REGISTER,1
com.google.android.calendar.permission.C2D_MESSAGE,1
com.google.android.ears.permission.WRITE,1
com.google.android.finsky.permission.DSE,1
com.google.android.gm.DYNAMIC_RECEIVER_NOT_EXPORTED_PERMISSION,1
com.google.android.gms.permission.CAR_SPEED,1
com.google.android.googleapps.permission.GOOGLE_AUTH.cp,1
com.google.android.googleapps.permission.GOOGLE_AUTH.youtube,1
com.google.android.googlequicksearchbox.permission.C2D_MESSAGE,1
com.google.android.googlequicksearchbox.permission.FINISH_GEL_ACTIVITY,1
com.google.android.googlequicksearchbox.permission.LAUNCH_FROM_GMM,1
com.google.android.googlequicksearchbox.permission.LENSVIEW_BROADCAST,1
com.google.android.googlequicksearchbox.permission.LENS_SERVICE,1
com.google.android.googlequicksearchbox.permission.PAUSE_HOTWORD,1
com.google.android.ims.LOG_ACCESS,1
com.google.android.ims.providers.ACCESS_DATA,1
com.google.android.launcher.permission.CONTENT_REDIRECT,1
com.google.android.launcher.permission.READ_SETTINGS,1
com.google.android.launcher.permission.RECEIVE_FIRST_LOAD_BROADCAST,1
com.google.android.launcher.permission.RECEIVE_LAUNCH_BROADCASTS,1
com.google.android.launcher.permission.WRITE_SETTINGS,1
com.google.android.play.billingclient.version,1
com.google.android.providers.gmail.permission.READ_GMAIL,1
com.google.android.providers.gsf.permission.WRITE_GSERVICES,1
com.google.android.providers.settings.permission.READ_GSETTINGS,1
com.google.android.providers.settings.permission.WRITE_GSETTINGS,1
com.google.android.settings.setup.dock.RUN_DOCK_SETUP,1
com.google.android.setupwizard.READ_DEVICE_ORIGIN,1
com.google.android.setupwizard.READ_DEVICE_ORIGIN_FIRST_PARTY,1
com.google.android.setupwizard.SETUP_COMPAT_SERVICE,1
com.google.android.videos.DYNAMIC_RECEIVER_NOT_EXPORTED_PERMISSION,1
com.google.android.voicesearch.ACCESS_SETTINGS,1
com.google.android.voicesearch.SHORTCUTS_ACCESS,1
com.google.c2dm.permission.RECEIVE,1
com.google.vr.vrcore.permission.VRCORE_INTERNAL,1
com.habitrpg.android.habitica.DYNAMIC_RECEIVER_NOT_EXPORTED_PERMISSION,1
com.hikvision.convergence.DYNAMIC_RECEIVER_NOT_EXPORTED_PERMISSION,1
com.hikvision.convergence.permission.SEND_BROADCAST,1
com.htec.gardenize.DYNAMIC_RECEIVER_NOT_EXPORTED_PERMISSION,1
com.huawei.gameassistant.permission.PUBLIC_THIRD_API,1
com.huawei.launcher2.permission.READ_SETTINGS,1
com.huawei.launcher2.permission.WRITE_SETTINGS,1
com.huawei.launcher3.permission.READ_SETTINGS,1
com.huawei.launcher3.permission.WRITE_SETTINGS,1
com.huaweiwatchgt2.guide.app.permission.C2D_MESSAGE,1
com.ichano.athome.camera.openadsdk.permission.TT_PANGOLIN,1
com.ichano.athome.camera.permission.C2D_MESSAGE,1
com.ichano.athome.camera.permission.JPUSH_MESSAGE,1
com.ichano.athome.camera.permission.MIPUSH_RECEIVE,1
com.ichano.athome.camera.permission.PROCESS_PUSH_MSG,1
com.ichano.athome.camera.permission.PUSH_PROVIDER,1
com.igaranti.SharedStoragePermission,1
com.ilyabogdanovich.geotracker.DYNAMIC_RECEIVER_NOT_EXPORTED_PERMISSION,1
com.ilyabogdanovich.geotracker.permission.RECORD_SERVICE,1
com.imdb.mobile.DYNAMIC_RECEIVER_NOT_EXPORTED_PERMISSION,1
com.imdb.mobile.permission.C2D_MESSAGE,1
com.immediasemi.android.blink.DYNAMIC_RECEIVER_NOT_EXPORTED_PERMISSION,1
com.immediasemi.android.blink.permission.RECEIVE_ADM_MESSAGE,1
com.imo.android.imoim.lockscreen.provider.read,1
com.imo.android.imoim.permission.Bepulled,1
com.imo.android.imoimbeta.lockscreen.provider.read,1
com.infinitylearn.learn.DYNAMIC_RECEIVER_NOT_EXPORTED_PERMISSION,1
com.ingka.ikea.app.DYNAMIC_RECEIVER_NOT_EXPORTED_PERMISSION,1
com.instagram.android..permission.RECEIVE_ADM_MESSAGE,1
com.instagram.android.DYNAMIC_RECEIVER_NOT_EXPORTED_PERMISSION,1
com.instagram.direct.permission.DIRECT_APP_THREAD_STORE_SERVICE,1
com.instagram.direct.permission.PROTECTED_DEEPLINKING,1
com.iqoo.secure.permission.START_PRIVACY_ACTIVITY,1
com.iveapp.ive.permission.C2D_MESSAGE,1
com.jellybtn.boardkings.permission.C2D_MESSAGE,1
com.jiran.directbox.permission.C2D_MESSAGE,1
com.jooto.app.permission.C2D_MESSAGE,1
com.juphoon.justalk.DYNAMIC_RECEIVER_NOT_EXPORTED_PERMISSION,1
com.kidsfoodinc.android_make_caketwokf.permission.C2D_MESSAGE,1
com.kingagroot.kingdraw.permission.JPUSH_MESSAGE,1
com.klab.bleach.permission.C2D_MESSAGE,1
com.klook.andpermission.bridge,1
com.koober.app.DYNAMIC_RECEIVER_NOT_EXPORTED_PERMISSION,1
com.koober.app.permission.C2D_MESSAGE,1
com.kptncook.app.kptncook.DYNAMIC_RECEIVER_NOT_EXPORTED_PERMISSION,1
com.krafton.defensederby.permission.C2D_MESSAGE,1
com.lang8.hinative.permission.C2D_MESSAGE,1
com.langqi.myshoppingmall.permission.C2D_MESSAGE,1
com.languagedrops.drops.international.permission.C2D_MESSAGE,1
com.lazada.android.permission.MIPUSH_RECEIVE,1
com.lazada.android.permission.PROCESS_PUSH_MSG,1
com.lazada.android.permission.PUSH_PROVIDER,1
com.lge.launcher2.permission.READ_SETTINGS,1
com.lge.launcher2.permission.WRITE_SETTINGS,1
com.lge.lgaccount.permission.READ,1
com.lge.myplace.permission.API,1
com.lgeha.nuts.permission.PUSH_MESSAGE_PERMISSION,1
com.lgeha.nuts.provider.ThinQProvider.READ,1
com.life360.android.safetymapd.DYNAMIC_RECEIVER_NOT_EXPORTED_PERMISSION,1
com.linecorp.LGLP2.permission.C2D_MESSAGE,1
com.linecorp.lineoa.DYNAMIC_RECEIVER_NOT_EXPORTED_PERMISSION,1
com.lingvano.app.permission.C2D_MESSAGE,1
com.linkedin.android.DYNAMIC_RECEIVER_NOT_EXPORTED_PERMISSION,1
com.linkedin.android.learning.DYNAMIC_RECEIVER_NOT_EXPORTED_PERMISSION,1
com.lockwoodpublishing.avakinlife.permission.RECEIVE_ADM_MESSAGE,1
com.logopit.logoplus.DYNAMIC_RECEIVER_NOT_EXPORTED_PERMISSION,1
com.lynkco.prod.lynkco_app_android.DYNAMIC_RECEIVER_NOT_EXPORTED_PERMISSION,1
com.m3.app.android.DYNAMIC_RECEIVER_NOT_EXPORTED_PERMISSION,1
com.machipopo.media17.DYNAMIC_RECEIVER_NOT_EXPORTED_PERMISSION,1
com.machipopo.media17.permission.C2D_MESSAGE,1
com.magisto.permission.C2D_MESSAGE,1
com.mailtime.android.permission.C2D_MESSAGE,1
com.mailtime.android.permission.MIPUSH_RECEIVE,1
com.mailtime.android.permission.PROCESS_PUSH_MSG,1
com.mapswithme.maps.pro.DYNAMIC_RECEIVER_NOT_EXPORTED_PERMISSION,1
com.mapswithme.maps.pro.permission.C2D_MESSAGE,1
com.meetup.DYNAMIC_RECEIVER_NOT_EXPORTED_PERMISSION,1
com.meetup.permission.MAPS_RECEIVE,1
com.meisterlabs.meistertask.native.DYNAMIC_RECEIVER_NOT_EXPORTED_PERMISSION,1
com.meitu.library.analytics.dapp.appInfo.provider,1
com.meitu.makeup.MT_ACCOUNT_LOGIN,1
com.meitu.makeup.permission.GYRECEIVER,1
com.meitu.makeup.permission.MIPUSH_RECEIVE,1
com.meizu.c2dm.permission.RECEIVE,1
com.meizu.flyme.permission.PUSH,1
com.meizu.flyme.push.permission.RECEIVE,1
com.messages.messaging.DYNAMIC_RECEIVER_NOT_EXPORTED_PERMISSION,1
com.messages.messaging.permission,1
com.messaging.textrasms.manager.permission.C2D_MESSAGE,1
com.metago.astro.DYNAMIC_RECEIVER_NOT_EXPORTED_PERMISSION,1
com.microsoft.amp.apps.bingnews.DYNAMIC_RECEIVER_NOT_EXPORTED_PERMISSION,1
com.microsoft.office.officemobile.permission.CONTINUE_READING,1
com.microsoft.office.officemobile.permission.MOS_NOTIFICATION,1
com.microsoft.office.officemobile.permission.NOTIFICATION_CENTER_PUSH,1
com.microsoft.office.officemobile.permission.NOTIFICATION_COUNTER_BASED_SIGN_IN_EXP,1
com.microsoft.office.officemobile.permission.NOTIFICATION_DAY_BASED_SIGN_IN_EXP,1
com.microsoft.office.officemobile.permission.NOTIFICATION_DESIGNER,1
com.microsoft.office.officemobile.permission.NOTIFICATION_EXTERNAL_EVENT,1
com.microsoft.office.officemobile.permission.NOTIFICATION_GAMIFICATION,1
com.microsoft.office.officemobile.permission.NOTIFICATION_LENS,1
com.microsoft.office.officemobile.permission.NOTIFICATION_MEETING_INSIGHT,1
com.microsoft.office.officemobile.permission.NOTIFICATION_MY_NETWORK,1
com.microsoft.office.officemobile.permission.OFFICEMOBILE_PACKAGE_REPLACED,1
com.microsoft.office.officemobile.permission.SYSTEM_TIME_CHANGED,1
com.microsoft.office.onenote.permission.CONTENT_READ,1
com.microsoft.office.outlook.ACCOUNT_CREATION_PERMISSION,1
com.microsoft.office.outlook.configurator.READCONFIG,1
com.microsoft.teams.permission.MIPUSH_RECEIVE,1
com.mindbodyonline.express.DYNAMIC_RECEIVER_NOT_EXPORTED_PERMISSION,1
com.mindvalley.mva.DYNAMIC_RECEIVER_NOT_EXPORTED_PERMISSION,1
com.miui.easygo.permission.READ_PERMISSION,1
com.miui.player.DYNAMIC_RECEIVER_NOT_EXPORTED_PERMISSION,1
com.miui.player.permission.MIPUSH_RECEIVE,1
com.miui.player.permission.RECEIVE_MSG,1
com.miui.systemAdSolution.LOCAL_AD_PROVIDER,1
com.miui.systemAdSolution.adSwitch.PROVIDER,1
com.miui.warningcenter.permission.RECEIVE_DATA,1
com.mixerbox.tomodoko.DYNAMIC_RECEIVER_NOT_EXPORTED_PERMISSION,1
com.mm.android.smartlifeiot.DYNAMIC_RECEIVER_NOT_EXPORTED_PERMISSION,1
com.mmircil.cnb2.BIND_GET_INSTALL_REFERRER_SERVICE,1
com.mobgen.motoristphoenix.permission.C2D_MESSAGE,1
com.mobgen.motoristphoenix.permission.UA_DATA,1
com.mobilefootie.wc2010.DYNAMIC_RECEIVER_NOT_EXPORTED_PERMISSION,1
com.mobiquityinc.awsevents.DYNAMIC_RECEIVER_NOT_EXPORTED_PERMISSION,1
com.moiseum.dailyart2.DYNAMIC_RECEIVER_NOT_EXPORTED_PERMISSION,1
com.mongolmag.DYNAMIC_RECEIVER_NOT_EXPORTED_PERMISSION,1
com.motorola.permission.ACCESS_BT_HEART_RATE_MONITOR,1
com.movefastcompany.bora.DYNAMIC_RECEIVER_NOT_EXPORTED_PERMISSION,1
com.nahdi.nahdipx.permission.PushHandlerActivity,1
com.napoleon.strategy.war.games.permission.C2D_MESSAGE,1
com.naturalmotion.csrracing.permission.C2D_MESSAGE,1
com.naturalmotion.customstreetracer2.permission.C2D_MESSAGE,1
com.naviemu.dino.permission.XGPUSH_RECEIVE,1
com.nbcu.tve.e.permission.C2D_MESSAGE,1
com.nbcu.tve.e.permission.RECEIVE_ADM_MESSAGE,1
com.netease.eclipseisle.permission.C2D_MESSAGE,1
com.netease.idv.googleplay.permission.ngpush,1
com.netease.racerna.permission.ngpush,1
com.netease.tx.permission.C2D_MESSAGE,1
com.nhn.android.band.DYNAMIC_RECEIVER_NOT_EXPORTED_PERMISSION,1
com.northstargames.evolutiongame.permission.C2D_MESSAGE,1
com.nttdocomo.android.idmanager.permission.GET_ID_STATE,1
com.nttdocomo.android.idmanager.permission.GET_ID_STATE_CONFIRM,1
com.nttdocomo.android.idmanager.permission.NOTIFY_STATUS,1
com.nttdocomo.android.idmanager.permission.OPEN_SERVICE_TOP,1
com.nttdocomo.android.idmanager.permission.serviceapp.IDimServiceAppService,1
com.nxc.catchitenglishbasic.google.permission.C2D_MESSAGE,1
com.oculus.permission.REPORT_EVENTS,1
com.oculus.permission.REPORT_EVENTS_DEBUG,1
com.onepassword.android.DYNAMIC_RECEIVER_NOT_EXPORTED_PERMISSION,1
com.overdrive.mobile.android.libby.DYNAMIC_RECEIVER_NOT_EXPORTED_PERMISSION,1
com.panasonic.mobile.simplehome.permission.READ_SETTINGS,1
com.panasonic.mobile.simplehome.permission.WRITE_SETTINGS,1
com.panasonic.mobile.speedselectorhome.permission.READ_SETTINGS,1
com.panasonic.mobile.speedselectorhome.permission.WRITE_SETTINGS,1
com.paysend.app.DYNAMIC_RECEIVER_NOT_EXPORTED_PERMISSION,1
com.paysend.app.permission.PROCESS_PUSH_MSG,1
com.paysend.app.permission.PUSH_PROVIDER,1
com.petitbambou.DYNAMIC_RECEIVER_NOT_EXPORTED_PERMISSION,1
com.playgendary.homes.permission.C2D_MESSAGE,1
com.provider.billaccess,1
com.provider.notesaccess,1
com.qihoo360.launcher.permission.READ_SETTINGS,1
com.qihoo360.launcher.permission.WRITE_SETTINGS,1
com.qti.permission.PROFILER,1
com.rayo.savecurrentlocation.permission.C2D_MESSAGE,1
com.s.antivirus.DYNAMIC_RECEIVER_NOT_EXPORTED_PERMISSION,1
com.s.cleaner.DYNAMIC_RECEIVER_NOT_EXPORTED_PERMISSION,1
com.salesforce.fieldservice.app.DYNAMIC_RECEIVER_NOT_EXPORTED_PERMISSION,1
com.samsung.android.app.spage.permission.READ_CARD_DATA,1
com.samsung.android.app.spage.permission.WRITE_CARD_DATA,1
com.samsung.android.email.permission.ACCESS_PROVIDER,1
com.samsung.android.knox.permission.KNOX_REMOTE_CONTROL,1
com.samsung.android.mapsagent.permission.READ_APP_INFO,1
com.samsung.android.permission.GET_SECRET_PACKAGE_LIST,1
com.samsung.android.sdk.email.permission.READ_ADDONPROVIDER,1
com.samsung.android.sdk.email.permission.RESTRICT_EXTERNAL_ACCESS,1
com.samsung.android.sdk.email.permission.WRITE_ADDONPROVIDER,1
com.samsung.android.sdk.email.permission.WRITE_EMAILCONTRACT,1
com.samsung.android.sdk.permission.SAMSUNG_CUP_SERVICE,1
com.samsung.android.service.peoplestripe.permission.MONITOR,1
com.samsung.container.ACCESS_RECEIVER,1
com.samsung.permission.USE_MHDR_SERVICE,1
com.seagroup.spark.sdk,1
com.sec.android.app.twlauncher.settings.READ_SETTINGS,1
com.sec.android.app.twlauncher.settings.WRITE_SETTINGS,1
com.sec.android.email.ACCOUNT_CREATION_PERMISSION,1
com.sec.android.email.permission.EMAILBROADCAST,1
com.sec.android.email.service.BROADCAST_DETECT,1
com.sec.android.settings.permission.SOFT_RESET,1
com.sec.enterprise.knox.MDM_CONTENT_PROVIDER,1
com.sec.knox.permission.KLMS_AGENT,1
com.sec.permission.READ_POLICIES,1
com.sec.permission.WRITE_POLICIES,1
com.shengfengPro.lr.openadsdk.permission.TT_PANGOLIN,1
com.simyasolutions.ling.universal.permission.C2D_MESSAGE,1
com.sitael.vending.DYNAMIC_RECEIVER_NOT_EXPORTED_PERMISSION,1
com.solocode.anton.permission.C2D_MESSAGE,1
com.solocode.anton.permission.PushHandlerActivity,1
com.sonyericsson.home.action.UPDATE_BADGE,1
com.sonymobile.launcher.permission.PROVIDER_INSERT_BADGE,1
com.spotlightsix.zentimerlite2.DYNAMIC_RECEIVER_NOT_EXPORTED_PERMISSION,1
com.sram.armyknife.DYNAMIC_RECEIVER_NOT_EXPORTED_PERMISSION,1
com.storytoys.lego.duplo.disney.mickey.and.friends.googleplay.permission.C2D_MESSAGE,1
com.sugastudio.homedecor.permission.C2D_MESSAGE,1
com.tapclap.designville.merge.DYNAMIC_RECEIVER_NOT_EXPORTED_PERMISSION,1
com.tencent.qqlauncher.permission.READ_SETTINGS,1
com.tencent.qqlauncher.permission.WRITE_SETTINGS,1
com.timesmobile.pix.permission.C2D_MESSAGE,1
com.tiramisu.driftmax2.DYNAMIC_RECEIVER_NOT_EXPORTED_PERMISSION,1
com.tiramisu.driftmax2.permission.C2D_MESSAGE,1
com.todoroo.astrid.READ,1
com.trycaviar.customer.DYNAMIC_RECEIVER_NOT_EXPORTED_PERMISSION,1
com.unitedfun.prod.apollo.permission.C2D_MESSAGE,1
com.vblast.flipaclip.DYNAMIC_RECEIVER_NOT_EXPORTED_PERMISSION,1
com.vblast.flipaclip.UNLOCKER,1
com.viewer.comicscreen.DYNAMIC_RECEIVER_NOT_EXPORTED_PERMISSION,1
com.vivo.Tips.permission.LOAD_DATA_ACTIVITY,1
com.vivo.abe.permission.configlist_provider,1
com.vivo.abe.permission.control.commond,1
com.vivo.abe.permission.launcher.notification.num,1
com.vivo.abe.permission.unifiedconfig.provider,1
com.vivo.abe.permission.user.conset.record,1
com.vivo.agent.permission.VIVO_TRANSLATOR,1
com.vivo.agent.permission.VOICE_RECOGNITION,1
com.vivo.assistant.permission.VIPC_READ_SETTINGS,1
com.vivo.assistant.permission.VIPC_WRITE_SETTINGS,1
com.vivo.browser.download,1
com.vivo.browser.permission.easytransfer,1
com.vivo.connbase.permission.VIVO_CONNECT_SERVICE,1
com.vivo.daemonservice.permission.PROCESS_DETECT_SERVICE,1
com.vivo.easyshare.ProcessObserver,1
com.vivo.easyshare.permission.MIRRORING_INFO_UPDATE,1
com.vivo.easyshare.permissions.DISABLED_MANUALLY,1
com.vivo.facewake.permission.FACE_FOUND,1
com.vivo.filemanager.permission.OPEN_FILE_LIST,1
com.vivo.filemanager.permission.OPEN_SAFEBOX,1
com.vivo.filemanager.permission.RECYCLE_FILES,1
com.vivo.mms.permission.ENCRYPT_ALL,1
com.vivo.mms.permission.ENCRYPT_STATE_UPDATE,1
com.vivo.nfc_exit_transfer_card_permission,1
com.vivo.nfc_transfer_card_change_title_permission,1
com.vivo.permission.ACCESS_VIVO_CAST_DISPLAY,1
com.vivo.permission.WRITE_OR_UPDATE_OWNER_PACKAGE_NAME,1
com.vivo.permission.WRITE_V_SYSTEM_SETTINGS,1
com.vivo.permission.manage.permission.OPERATION,1
com.vivo.permissionmanager.activity.privacysettings,1
com.vivo.plutosdk.permission.APPSTORE_TRANSMIT,1
com.vivo.plutosdk.permission.EASY_SHARE_WAKE_UP,1
com.vivo.safecenter.permissions.secureprovider.read,1
com.vivo.settings.permission.SOFTWARE_LOCK_APP_LIST,1
com.vivo.settings.permission.START_SETTINGS_ACTIVITY,1
com.vivo.settings.permission.SUGGESTION_DATABASE,1
com.vivo.setupwizard.permission.IMPORT_DATA,1
com.vivo.smartshot.permission.QUERY_STORAGE_DIR,1
com.vivo.smartshot.permission.SETTINGS_MENU,1
com.vivo.vtouch.permission.ANALYSE,1
com.vivo.xspace.permission.ENTER_VERIFY_PAGE,1
com.vivo.xspace.permission.XSPACE_FUNC_HANDLE,1
com.vlv.aravali.BIND_GET_INSTALL_REFERRER_SERVICE,1
com.whidev.mapchart.DYNAMIC_RECEIVER_NOT_EXPORTED_PERMISSION,1
com.wondershake.locari.DYNAMIC_RECEIVER_NOT_EXPORTED_PERMISSION,1
com.wssnps.permission.COM_WSSNPS,1
com.x8bit.bitwarden.DYNAMIC_RECEIVER_NOT_EXPORTED_PERMISSION,1
com.xiaomi.market.sdk.UPDATE,1
com.xiaomi.mi_connect_service.permission.RECEIVE_ENDPOINT,1
com.xiaomi.passport.permission.PASSPORT_UI_CONTROLLER_SERVICE,1
com.xiaomi.permission.RECEIVE_BOOT_COMPLETED,1
com.xiaomi.smarthome.permission.ACCESS_DOWNLOAD_MANAGER,1
com.xiaomi.smarthome.permission.ACCESS_DOWNLOAD_MANAGER_ADVANCED,1
com.xiaomi.smarthome.permission.ACCESS_DOWNLOAD_PROVIDER,1
com.xiaomi.smarthome.permission.C2D_MESSAGE,1
com.xiaomi.smarthome.permission.MIPUSH_RECEIVE,1
com.xiaomi.smarthome.permission.SEND_DOWNLOAD_COMPLETED_INTENTS,1
com.xiaomi.smarthome.uwb.permission.RECEIVE_ENDPOINT,1
com.yopeso.lieferando.DYNAMIC_RECEIVER_NOT_EXPORTED_PERMISSION,1
com.your.package.permission.C2D_MESSAGE,1
com.yy.hiyo.permission.MIPUSH_RECEIVE,1
com.yy.hiyo.permission.PROCESS_PUSH_MSG,1
com.yy.hiyo.permission.PUSH_PROVIDER,1
cute.truefunapps.animals.DYNAMIC_RECEIVER_NOT_EXPORTED_PERMISSION,1
cz.seznam.auth.SZN_ACCOUNTS,1
cz.seznam.mapy.DYNAMIC_RECEIVER_NOT_EXPORTED_PERMISSION,1
de.ard.audiothek.DYNAMIC_RECEIVER_NOT_EXPORTED_PERMISSION,1
de.ard.audiothek.permission.C2D_MESSAGE,1
de.eventim.mobile.app.Android.DYNAMIC_RECEIVER_NOT_EXPORTED_PERMISSION,1
de.pixelhouse.DYNAMIC_RECEIVER_NOT_EXPORTED_PERMISSION,1
de.smuttlewerk.fleetbattle.DYNAMIC_RECEIVER_NOT_EXPORTED_PERMISSION,1
de.smuttlewerk.fleetbattle.permission.C2D_MESSAGE,1
de.swr.avp.ard.DYNAMIC_RECEIVER_NOT_EXPORTED_PERMISSION,1
decoration.smartfunapps.com.deco.permission.C2D_MESSAGE,1
dev.hal_apps.calendar.caho.DYNAMIC_RECEIVER_NOT_EXPORTED_PERMISSION,1
dianxin.permission.ACCESS_LAUNCHER_DATA,1
ee.mtakso.driver.DYNAMIC_RECEIVER_NOT_EXPORTED_PERMISSION,1
ee.mtakso.driver.permission.MAPS_RECEIVE,1
eu.faircode.email.DYNAMIC_RECEIVER_NOT_EXPORTED_PERMISSION,1
flipboard.app.DYNAMIC_RECEIVER_NOT_EXPORTED_PERMISSION,1
flipboard.app.permission.C2D_MESSAGE,1
fm.castbox.audiobook.radio.podcast.permission.C2D_MESSAGE,1
fr.cookbook.DYNAMIC_RECEIVER_NOT_EXPORTED_PERMISSION,1
fun.moala.pocket.DYNAMIC_RECEIVER_NOT_EXPORTED_PERMISSION,1
getui.permission.GetuiService.com.klook,1
hik-proconnect.permission.SEND_BROADCAST,1
in.krosbits.musicolet.ALLOW_CAST_AUDIO,1
in.tsumiki.filmarks.DYNAMIC_RECEIVER_NOT_EXPORTED_PERMISSION,1
io.lingvist.android.DYNAMIC_RECEIVER_NOT_EXPORTED_PERMISSION,1
it.fourbooks.app.DYNAMIC_RECEIVER_NOT_EXPORTED_PERMISSION,1
it.rortos.realflight.DYNAMIC_RECEIVER_NOT_EXPORTED_PERMISSION,1
jp.bookwalker.kreader.android.epub.permission.PRIVATE,1
jp.co.aainc.greensnap.permission.C2D_MESSAGE,1
jp.co.duo7.vr.iriam.permission.C2D_MESSAGE,1
jp.co.fujitv.fodmagazine.permission.PRIVATE,1
jp.co.johospace.backup.MY_PROVIDER_PERMISSION,1
jp.co.johospace.backup.permission.C2D_MESSAGE,1
jp.co.sharp.android.home.permission.READ_SETTINGS,1
jp.co.sharp.android.home.permission.WRITE_SETTINGS,1
jp.co.sharp.android.pet.health.permission.C2D_MESSAGE,1
jp.co.translimit.castle.DYNAMIC_RECEIVER_NOT_EXPORTED_PERMISSION,1
jp.co.translimit.castle.permission.C2D_MESSAGE,1
jp.ecstudio.chatworkandroid.DYNAMIC_RECEIVER_NOT_EXPORTED_PERMISSION,1
jp.gladd.gladd.permission.C2D_MESSAGE,1
jp.naver.lineantivirus.android.action.reserve_scan,1
jp.naver.lineantivirus.android.permission.APP_RUNNINGTIME_CHECK,1
jp.naver.lineantivirus.android.permission.AUTO_UPDATE_ALERT,1
jp.naver.lineantivirus.android.permission.BACKGROUND_SERVICE_NOTIFICATION,1
jp.naver.lineantivirus.android.permission.REALTIME_ALERT,1
jp.naver.linecamera.android.permission.C2D_MESSAGE,1
jp.naver.linecamera.android.permission.MAPS_RECEIVE,1
kr.co.vcnc.android.couple.DYNAMIC_RECEIVER_NOT_EXPORTED_PERMISSION,1
live.aha.n.DYNAMIC_RECEIVER_NOT_EXPORTED_PERMISSION,1
live.hala.DYNAMIC_RECEIVER_NOT_EXPORTED_PERMISSION,1
makeup.salon.beauty.diy.artist.makeover.permission.C2D_MESSAGE,1
me.bluemail.mail.permission.ACCESS_PROVIDER,1
me.bluemail.mail.permission.DELETE_MESSAGES,1
me.bluemail.mail.permission.READ_ATTACHMENT,1
me.bluemail.mail.permission.READ_MESSAGES,1
me.bluemail.mail.permission.RECEIVE_ADM_MESSAGE,1
mega.privacy.android.app.DYNAMIC_RECEIVER_NOT_EXPORTED_PERMISSION,1
miui.permission.ACCESS_BLE_SETTINGS,1
miui.permission.EXTRA_NETWORK,1
miui.permission.USE_INTERNAL_GENERAL_API,1
net.eightcard.DYNAMIC_RECEIVER_NOT_EXPORTED_PERMISSION,1
net.liveatc.android.provider.READ_DATABASE,1
net.qihoo.launcher.permission.READ_SETTINGS,1
net.qihoo.launcher.permission.WRITE_SETTINGS,1
net.workout.lose.weight.fitness.fit.coach.DYNAMIC_RECEIVER_NOT_EXPORTED_PERMISSION,1
nhncorp.permission.AUTO_UPDATE_ALERT,1
nhncorp.permission.REALTIME_ALERT,1
nocrop.forinstagram.nocrop.DYNAMIC_RECEIVER_NOT_EXPORTED_PERMISSION,1
oppo.permission.MANAGE_EXTERNAL_STORAGE,1
org.adw.launcher.permission.READ_SETTINGS,1
org.adw.launcher.permission.WRITE_SETTINGS,1
org.adw.launcher_donut.permission.READ_SETTINGS,1
org.adw.launcher_donut.permission.WRITE_SETTINGS,1
org.adwfreak.launcher.permission.READ_SETTINGS,1
org.adwfreak.launcher.permission.WRITE_SETTINGS,1
org.coursera.android.DYNAMIC_RECEIVER_NOT_EXPORTED_PERMISSION,1
org.dayup.stocks.DYNAMIC_RECEIVER_NOT_EXPORTED_PERMISSION,1
org.dayup.stocks.permission.C2D_MESSAGE,1
org.simalliance.openmobileap i.SMARTCARD,1
org.thialfihar.android.apg.permission.READ_KEY_DETAILS,1
owner.custom.permission,1
puzzle.merge.hotel.empire.DYNAMIC_RECEIVER_NOT_EXPORTED_PERMISSION,1
sg.bigo.live.permission.Bepulled,1
telecom.mdesk.permission.READ_SETTINGS,1
telecom.mdesk.permission.WRITE_SETTINGS,1
tr.com.mobilus.invidyo.DYNAMIC_RECEIVER_NOT_EXPORTED_PERMISSION,1
tr.com.mobilus.invidyo.permission.C2D_MESSAGE,1
tv.abema.DYNAMIC_RECEIVER_NOT_EXPORTED_PERMISSION,1
tv.every.delishkitchen.DYNAMIC_RECEIVER_NOT_EXPORTED_PERMISSION,1
us.live.chat.permission.C2D_MESSAGE,1
video.chat.joi.DYNAMIC_RECEIVER_NOT_EXPORTED_PERMISSION,1
video.like.permission.MIPUSH_RECEIVE,1
video.like.permission.PERMISSION_SAFE_BROADCAST,1
video.like.permission.PERMISSION_TITAN_SAFE_BROADCAST,1
video.like.permission.PROCESS_PUSH_MSG,1
video.like.permission.PUSH_PROVIDER,1
video.like.wallpaper.plugin.permission,1
xyz.gl.animevsub.DYNAMIC_RECEIVER_NOT_EXPORTED_PERMISSION,1
xyz.gl.animevsub.permission.C2D_MESSAGE,1
,0
